
{
  "beats" : [
    {
      "time" : 3.18223595619202,
      "touch" : 0,
      "key"   : 0
    },
    {
      "time" : 4.08122634887695,
      "touch" : 0,
      "key"   : 1
    },
    {
      "time" : 5.02008295059204,
      "touch" : 0,
      "key"   : 0
    },
    {
      "time" : 5.88414096832275,
      "touch" : 0,
      "key"   : 1
    }
  ]
}